notation,prefLabel,art,definition
E07FBC71CB9E3252C125725D0040CE45,3sat,ND,s. Fernsehen
E3138B853CF2C7C8C1256F230035E539,Abmischen,ND,s. Tonstudio
7C68F90E5197FD7EC12583DF005C0687,Abofalle,DS,"Abofalle (auch Internetkostenfalle oder Kostenfalle im Internet) bezeichnet umgangssprachlich eine weit verbreitete unseriöse Geschäftspraktik im Internet, bei der Verbraucher unbeabsichtigt ein kostenpflichtiges Abonnement eingehen. Es handelt sich dabei um Internetangebote, die so trickreich gestaltet sind, dass deren Kostenpflicht für Verbraucher nicht ohne weiteres erkennbar ist. Manchmal werden auch die Seiten seriöser Anbieter imitiert."
2924C743E92FA814C1257A53005DFF59,Absurdes Theater,ND,s. Theater
9078AC3B9E90B114C1257A61005E9707,Adobe Premiere,ND,s. Videoproduktion
E32CE399ADD654E3C1257A61005E8A49,Adobe Premiere,ND,s. Filmherstellung
4B89EB0C5B1E4947C1256F230035CCC2,Aktive Medienarbeit,D,s.a. Filmherstellung
54F8CD59D97DB830C1256F230035ADD2,Aktive Medienarbeit,DS,"Aktive Medienarbeit ist ein wesentlich methodischer Ansatz einer handlungsorientierten Medienpädagogik. Sie bedeutet die Be- und Erarbeitung von Gegenstandsbereichen sozialer Realität mit Hilfe von Medien wie Druck, Foto, Ton und Film."
9188A8C571735A8EC1256F230035CCC3,Aktive Medienarbeit,D,s.a. Presse
B39B2B173437A8C7C1256F230035CCC1,Aktive Medienarbeit,D,s.a. Videoproduktion
FC187BFD0BB37592C1256F230035E5B7,Aktive Videoarbeit,ND,s. Aktive Medienarbeit
BDDC4722CD92BF96C1257AB7005A2981,Animationstechnik,ND,s. Trickfilmherstellung
5818F80FF55C87CDC125725D0040552F,ARD,ND,s. Fernsehen
437AF84EF9CE494EC125725D0040D8A0,Arte,ND,s. Fernsehen
97C83A1A0C6CD6C6C125730600289B25,Artikel (Presse),ND,s. Presse
94DC5CAC15DF49FCC1256F230035E75D,Audiovisuelle Medien,ND,s. Medienpädagogik
09DD07526036B90FC1257D1E00575584,Audiovisuelle Medien,ND,s. Massenmedien
56AAC2A763D15705C1256F230035E763,Aufführung,ND,s. Theater
63C27113380FB536C1256F230035E776,Aufnahmetechnik,ND,s. Tonstudio
2FBA6004541EB029C12583DF005E43A7,Auswahlschau,ND,s. Castingshow
1BC30D862D37116AC1256F230035E7D6,Autofokus,ND,s. Fotografieren
08EF1CCE29E9B5C0C1256F230035E7DE,Autokino,ND,s. Kino
B31F2DCC2FE2F074C1257B0F00358B97,AV-Medien,ND,s. Massenmedien
85FB8C60C6AF0BB1C1257D1E00574BA8,AV-Medien,ND,s. Medienpädagogik
45300641CD66C3ECC12581960040F076,Beleuchtung (Fotografie),ND,s. Belichtung
B881FD698CF26A5DC1257CE60055C013,Bericht,ND,s. Presse
B14877264F033138C1257B39005B95D2,Berichterstattung,ND,s. Nachricht
6FD008DD040C52E6C1257B64005B1FE9,Bild-Zeitung,ND,s. Boulevardpresse
F08547A3946E38EEC1257B64005B36B0,Bild (Zeitung),ND,s. Boulevardpresse
E31160A5E308F461C1257B64005C2BEF,Bildbearbeitung,D,s.a. Belichtung
8E57426FF9E7528EC1256F230035B0A8,Bildbeschreibung,DS,"Die Gestaltung, Komposition, Aufteilung aber auch Beschreibung, Interpretation, Analyse eines Bildes."
2685C639C97F01B0C1256F230035E992,Bildschärfe,ND,s. Fotografieren
3A1E2E843735EB62C1256F230035F8FF,Bildstelle,ND,s. Medienzentrum
8538CD064F417C1CC1256F230035E994,Bildstellenwesen,ND,s. Medienzentrum
23C42AE7BBBA6248C1256F230035D025,Bildung,D,s.a. Pädagogik
4C3AC73AE7FDF48CC125756900577E29,Bildungssystem,D,s.a. Pädagogik
B1B5B76BC5F70FCCC1256F230035E9A3,Bildungstheorie,ND,s. Pädagogik
1423F320167312B4C1256F230035E9A8,Bildwirkung,ND,s. Bildsprache
52F29E8778086E6DC1257B64005B2B12,Bildzeitung,ND,s. Boulevardpresse
C01D21ADFBDC272BC1256F230035E9EA,Blende,ND,s. Fotografieren
8D035B5BFF5B079EC1256F230035E9F7,Blue-screen-Verfahren,ND,s. Bluebox
B4510E61F4193DACC125772C002FDCE6,Bluescreen-Technik,ND,s. Bluebox
4A17298B96589A44C1256F230035D0CB,Boulevardpresse,D,s.a. Presse
62EF96C9E3783088C1256F230035B14A,Boulevardpresse,DS,"Die ausschließlich im freien Verkauf auf der Straße und am Kiosk angebotene Tageszeitungen i. Ggs. zur Abonnementpresse; in Deutschland seit 1904; kennzeichnend auch heute sensationelle Aufmachung und populärer ""Boulevardstil""."
4B076164BC9C3B03C1256F230035B14B,"Boulez, Pierre",DS,"Französischer Komponist, Dirigent, geb. 1925; serielle und elektronische Musik."
488C549A752D27AEC1256F230035EA81,Brennpunkt,ND,s. Fotografieren
562148C3431AC470C1256F230035EA82,Brennweite,ND,s. Fotografieren
EE33B11AB6F7F60CC1257A94005FDC7F,Buch,D,s.a. Printmedium
1D3B0C306EA8CFB5C1256F230035EACF,Bühnendarstellung,ND,s. Theater
42C0A20518FFA2EBC1257BDC0057921B,Bühnenstück,ND,s. Theater
A761F62DD5DF2618C12583DF005E3479,Casting Show,ND,s. Castingshow
9102B8FCB13AA4A8C12583DF005DF898,Castingshow,DS,"Eine Castingshow, auch Auswahlschau oder Talentschau, ist eine Veranstaltung oder Fernsehsendung, die sich mit dem Casting potenzieller Sänger, Tänzer, Models, Akrobaten und Ähnlichem befasst."
F3001C2BC69B5810C12583DB00391ACB,Clip,ND,s. Videoclip
FA3011E52D975DC3C1257A950059DCE4,Comic,D,s.a. Printmedium
544667F7D35CBE57C1256F3C0031D402,Computerspiel,D,s.a. Computerspiel (Pädagogik)
757188C274E853BFC1256F230035B28E,Computerspiel,DS,"Ein Computerspiel ist ein Computerprogramm, das einem oder mehreren Benutzern ermöglicht, interaktiv ein durch implementierte Regeln beschriebenes Spiel zu spielen. Beschreibung von Spielesoftware für Personal Computer und Onlinespielen über das Internet sowie mögliche Auswirkungen bzw. negative Folgen für den Nutzer."
20F4EF3FC8447721C125743300388DC5,Daily Soap,ND,s. Seifenoper
927BFEBAE291698DC1256F230035EBAE,Darstellende Künste,ND,s. Theater
BD58C237FD129178C1257C1900568814,Darstellendes Spiel,ND,s. Theater
C811E91711A3C708C1256F230035EBB0,Darstellung (Theater),ND,s. Theater
41F14944A4FDE224C1256F230035EBBD,DDR-Fernsehen (nach 3.10.90),ND,s. Fernsehen (östliche Bundesländer)
2C25A5188856E6F9C1256F230035B2ED,DDR (Geographie/Wirtschaft),DS,Geographische und wirtschaftliche Themen bezüglich des Staatsgebietes der DDR von Oktober 1949 bis zum 2.10.1990.
F272A3713B1D6736C1257C290065DAEC,Detektor (Radio),ND,s. Rundfunk
96EDAFC795E4E03FC1256F230035EC12,Didaktik,ND,s. Pädagogik
517756A1847F35FCC1257C38006394B6,Didaktische Intention,ND,s. Pädagogik
BB4B1EBDA2768001C1256F860033EB9C,Digitalfernsehen,ND,s. Fernsehen
2ACD98C648B78BC9C1256F230035EC61,Drive-in-Kino,ND,s. Kino
0D4D98F681B06D97C1257A94005FAEA1,Druckmedium,ND,s. Printmedium
91C7130B4BAFE890C1257C64003F887C,"Eggeling, Viking",ND,s. Trickfilmherstellung
3197E2DDB9EA4C6BC1256F230035ECBC,Einstellungsgröße,ND,s. Fotografieren
8C29FED2734D42B0C1257C700061FD49,Einzelbildaufnahme,ND,s. Trickfilmherstellung
9D1CD04BFD0D17DAC1257C920056401A,Episches Theater,ND,s. Theater
E0CE60F8634AD337C1256F230035D36F,Erziehung,D,s.a. Pädagogik
F1F7361B19869668C1256F230035B49B,Erziehung,DS,"Unterstützung und Förderung des heranwachsenden Menschen, die ihn in seiner geistigen und charakterlichen Entwicklung befähigen soll, sich sozial zu verhalten und als selbständiger Mensch eigenverantwortlich zu handeln. Sie beginnt in der Familie, die durch die Schule unterstützt wird. "
394920B8EAFC16CBC1256F230035EDA1,Erziehungswissenschaft,ND,s. Pädagogik
DB8C24801B580DC3C1256F230035EDDD,Experimentelle Pädagogik,ND,s. Pädagogik
CC9B2C4AC2D4BD2DC12581A600592C21,Fake-News,ND,s. Fake News
CEE0348D1C7A48A8C1258128005AE6CB,Fake News,D,s.a. Nachricht
5E8AA16A78DD538EC12581A60058E270,Fake News,DS,"Als Fake News (auch Fake-News oder Fakenews) werden manipulativ verbreitete, vorgetäuschte Nachrichten oder Falschmeldungen bezeichnet, die sich überwiegend im Internet, insbesondere in sozialen Netzwerken und anderen sozialen Medien zum Teil viral verbreiten, und mitunter auch von Journalisten aufgegriffen werden. Zunehmend wurde Fake News auch zu einem politischen Schlagwort und Kampfbegriff. Der Rechtschreibduden, der den Begriff 2017 in die 27. Ausgabe aufnahm, definiert ihn als ""umgangssprachlich für in den Medien und im Internet, besonders in den Social Media, in manipulativer Absicht verbreitete Falschmeldungen""."
DA9FB3EF5A168EFFC12581BC0057709D,Fake News,D,s.a. Pressekodex
786D2F61781108C6C12581A600592116,Fakenews,ND,s. Fake News
B4B686D9810E80DDC12581A600594800,Falschmeldung,ND,s. Fake News
96C41AB3740D8A8BC1256F230035EE10,Farbfernsehen,ND,s. Fernsehen
2C1664F465F8AA24C1257CE70036800D,Fernseh-Quiz,ND,s. Unterhaltungssendung
85F6C066293F504EC1257CE700369C41,Fernseh-Show,ND,s. Unterhaltungssendung
31566C57F1495B59C1256F230035EE44,Fernsehabhängigkeit,ND,s. Fernsehkonsum
166248F05CDB897CC1256F230035D3C8,Fernsehen,D,s.a. Fernsehproduktion
266A46FA416D6353C12575680050E877,Fernsehen,D,s.a. Fernsehübertragung
2713D82D0EA2DCFAC1256F230035D3CA,Fernsehen,D,s.a. Massenmedien
48E996450E9F5448C12575680050F7E3,Fernsehen,D,s.a. Unterhaltungssendung
697E672C2C3DD65BC1256F230035D3C6,Fernsehen,D,s.a. Fernsehkonsum
791E2ADBDA9D787EC1256F230035B520,Fernsehen,DS,Drahtlose (Satellitenfernsehen) oder kabelgebundene (Kabelfernsehen) Übertragung von Bildern mit zugehörigem Begleitton für einen mit entsprechenden Empfangsgeräten ausgestatteten Teilnehmerkreis. 
87904568A80BBC58C12575680050DFDA,Fernsehen,D,s.a. Fernsehfilm
88A39D3276E320F4C12575680050C1ED,Fernsehen,D,s.a. Bluebox
B8A31C640B2F23A6C12575680050D8EC,Fernsehen,D,s.a. Fernsehen (östliche Bundesländer)
B8E8EC2D3A499432C12575680050EFB1,Fernsehen,D,s.a. Play-back
BF466EF5B95E9819C12576DE005778E9,Fernsehen,D,s.a. Fernsehserie
11D973E1EA66F44DC12583DF005E2BF6,Fernsehen,D,s.a. Castingshow
4B6DB61C633976D1C1256F230035B521,Fernsehen (östliche Bundesländer),DS,Die Entwicklung des Fernsehens in den neuen Bundesländern nach dem 3.10.90.
603ED4A0D23377D8C1257CE700370252,Fernseher,ND,s. Fernsehen
71EB21F4B4E818CCC1256F230035D3CB,Fernseherziehung,D,s.a. Fernsehkonsum
912187EEEA2E8082C1256F230035B522,Fernseherziehung,DS,"Erziehung, die über das Fernsehen abläuft in positiver und negativer Hinsicht (bzgl. z.B. Gewalt) mittels Filmen oder auch speziellen Kindersendungen."
06816B22341E1332C125747C00308A34,Fernsehfilm,D,s.a. Comedy
248FF4626F594DC1C12576DE00576D99,Fernsehfilm,D,s.a. Fernsehserie
30D316E693F7BF81C1256F230035B523,Fernsehfilm,DS,"Ein speziell für das Fernsehen produzierter Film, Serie, Spiel."
614514B5F7FBC667C125747C0031404D,Fernsehfilm,D,s.a. Seifenoper
A84409C185C49FB5C1256F230035EE45,Fernsehgewohnheit,ND,s. Fernsehkonsum
52A307E33B160DF9C1256F230035B524,Fernsehkonsum,DS,"Die Länge und Art des ""Fernsehschauens"". Die Gewohnheiten, Wirkung, Nutzungsarten bis hin zur Abhängigkeit."
C68D55E644E7CEDDC1256F230035EE47,Fernsehnachrichten,ND,s. Nachricht
3FC98283C48BED4DC1256F230035EE48,Fernsehnutzung,ND,s. Fernsehkonsum
042BD48A250B4533C1256F230035D3CD,Fernsehproduktion,D,s.a. Filmherstellung
59B8E6647B655179C1256F230035B525,Fernsehproduktion,DS,"Zur Produktion fürs Fernsehen; Ablauf, Verfahren, Studioeinrichtung."
C5092157711D0E5BC1256F230035EE49,Fernsehquiz,ND,s. Unterhaltungssendung
C19ADA6D071C62BAC125725D00404411,Fernsehsender,ND,s. Fernsehen
55367318A9766DACC1256F230035EE4A,Fernsehsendung,ND,s. Fernsehen
583B554BA0C5FDBBC125747C0031A0A7,Fernsehserie,D,s.a. Seifenoper
601B60C2773581DAC12576DE0057A173,Fernsehserie,D,s.a. Fernsehfilm
CD24BB43E22AEA7DC1256F230035EE4B,Fernsehserie,DS,"Eine Fernsehserie ist eine Abfolge von filmischen Werken, die üblicherweise zur selben Zeit an einem festen Wochentag im Fernsehen ausgestrahlt werden. Sie hat immer eine Reihe von festen Figuren oder Themen. In der Serie erleben die Figuren Abenteuer oder sonstige berichtenswerte Ereignisse. Bei Serien zu Themen wird in mehreren Folgen zum bzw. über das Thema berichtet. Typisch für eine Fernsehserie ist die gleich bleibende Dauer der Folgen und normalerweise die in sich abgeschlossene Geschichte beziehungsweise Thematik einer Folge."
22EEFE6620E21DE4C1256F230035EE4C,Fernsehshow,ND,s. Unterhaltungssendung
CC39A4614CF2E6D3C1256F230035EE4D,Fernsehspiel,ND,s. Fernsehfilm
D5466DDDC077F42FC1256F230035EE4E,Fernsehsucht,ND,s. Fernsehkonsum
781332B381D41B09C1256F230035B526,Fernsehtechnik,DS,Zur Technologie des Fernsehens. Auch Fernsehgeschichte und Zukunftsmöglichkeiten.
62D4820A29992A6BC1256F230035D3CE,Fernsehübertragung,D,s.a. Nachricht
D18F3F27F3137901C1256F230035EE50,Fernsehunterhaltung,ND,s. Unterhaltungssendung
9385623748A896EDC1256F230035EE51,Fernsehverhalten,ND,s. Fernsehkonsum
280193D8172BFB25C1256F230035EE52,Fernsehwirkung,ND,s. Fernsehkonsum
041D6C1A75ACE0A9C1256F230035D3D8,Filmdokument,D,s.a. Filmgeschichte
671A4596259E7224C1256F230035B540,Filmdokument,DS,Der Film als geschichtliches Dokument; historische Filme.
492141E8398AC753C1256F230035B541,Filmeditor,DS,Berufsbild
026ABB32E734B267C1256F230035D3DC,Filmgestaltung,D,s.a. Filmsprache
B5479F1D29068F98C1256F230035D3DD,Filmgestaltung,D,s.a. Filmmontage
F2C7F5C2955D61E0C1256F230035B544,Filmgestaltung,DS,"Der Film als Kunstwerk. Bild, Wort und Musik zu einer künstlerischen Einheit zu verbinden (Filmdramaturgie)."
4E6DF8C2FC61842AC1256F230035D3E3,Filmherstellung,D,s.a. Fernsehproduktion
E24F3991B678C1BFC1256F230035D3E4,Filmherstellung,D,s.a. Videoproduktion
F62B8B2E584298D3C1256F230035D3E1,Filmherstellung,D,s.a. Aktive Medienarbeit
FDC10D43BF53AFB5C1256F230035D3DF,Filmherstellung,D,s.a. Filmmontage
37C37AF2A94FE12EC12583D8005C0AC9,Filmherstellung,D,s.a. Vertonung
ED32107EDDDE99FBC1256F230035EE70,Filmproduktion,ND,s. Filmherstellung
433280E2D6D32D8BC1256F230035EE73,Filmschnitt,ND,s. Filmherstellung
7C5F8041714766D8C12577AC00338120,Filmschnitt,ND,s. Filmmontage
8965E6461A7079EDC1256F230035B54A,Filmsprache,DS,"Die Filmsprache ist eine visuelle Ausdrucksform, die sich seit der Erfindung des Films 1895 entwickelt hat. Erzählt wird mit den Mitteln der Kamera (Licht, Standpunkt, Perspektive, Bewegung u.a.); der Zuschauer decodiert das Geschehene."
C359B27CC64B6AE9C1256F230035EE74,Filmtechnik,ND,s. Filmgestaltung
C68A867E12C3EAF4C12577FF0058AB0C,Filmtheater,ND,s. Kino
F8313DB091F3392CC1256F230035EE75,Filmtrick,ND,s. Filmgestaltung
D43034CAA7B85455C1256F230035EEBF,Fokus,ND,s. Fotografieren
8F9469901ADD88F5C1256F230035D420,Fotografie,D,s.a. Fotografieren
FFBD7230F7E26669C1256F230035D41E,Fotografie,D,s.a. Sensibilisierung (Fotografie)
3FB89C4A4E745D19C125843A005A6D01,Fotografie,D,s.a. Weitwinkelobjektiv
1612FF98D0D1F4F0C1257568005094A8,Fotografieren,D,s.a. Belichtung
1A5683049918F389C12575680050A5C6,Fotografieren,D,s.a. Fotomontage
874940FC08D5DBBEC125756800509EB6,Fotografieren,D,s.a. Bildsprache
A6B1A42E451C6DD0C1256F230035B5A4,Fotografieren,DS,"Das Aufnehmen eines Bildes mit einer Fotokamera und was dabei zu beachten ist, z.B. Belichtung, Brennweite."
DBE57A1A0A6458CFC12575680050AD53,Fotografieren,D,s.a. Sensibilisierung (Fotografie)
FC042E3511009AD1C125843A005A751F,Fotografieren,D,s.a. Weitwinkelobjektiv
586C28C2EEAEBB35C1256F230035EF22,Freilichtkino,ND,s. Kino
CA97393D99951938C1256F230035B5D7,Freilichtmuseum,DS,"Volkskundliche Schausammlung, z.B. alte Bauernhäuser in ihrer natürlichen Umgebung und mit der ursprünglichen Einrichtung."
44E543BCA603EFFEC1256F230035B5D8,"Freiligrath, Ferdinand",DS,"Deutscher Lyriker, Dichter und Übersetzer (1810-76); Vorkämpfer für Freiheit und Demokratie, schrieb politische und soziale Gedichte, musste mehrmals Deutschland verlassen."
E03453AFFE12FB57C1257D8E004E4EA3,Genetisch-exemplarisches Lehren,ND,s. Pädagogik
6FD7B6C1AE6A8CBDC1257D8E004E6EC9,Genetische Methode,ND,s. Pädagogik
4E0D8DB751A2EDBCC1257D8E004EA47B,Genetischer Lehrgang,ND,s. Pädagogik
7CDEF8D1C1C3D87BC1257D8E004EB4D2,Genetisches Prinzip,ND,s. Pädagogik
D3BE9288418F0D90C1256F230035B67A,"Genet, Jean",DS,Französischer Schriftsteller (1910-86).
975B0FD1DA4A8781C125747C0031D66B,GZSZ,ND,s. Seifenoper
4C5DCD16291659F2C1257A94006035C4,Heftroman,ND,s. Printmedium
1D5FEA0B0559AB1BC1256F230035B838,Hegau,DS,"Der Hegau ist eine vulkanisch geprägte Landschaft im Süden von Baden-Württemberg zwischen Bodensee im Osten, Hochrhein im Süden, Donau im Norden und dem Randen als südwestlichem Ausläufer der Schwäbischen Alb (bzw. dem Schweizer Kanton Schaffhausen) im Westen."
34AE6E70573D2CCDC12583E0005C7A7B,Hoax,ND,s. Fake News
F76FF2C8855C49B0C1256F230035F22C,Hörfunk,ND,s. Rundfunk
345CA012C1FF01BCC1256F230035B8F5,Hörgeräteakustiker,DS,Berufsbild
2D2F3B0BDF09AD1CC125747C003098A2,Hörspiel (für Erwachsene),D,s.a. Comedy
4F822D879939C618C1256F230035B8FD,Hörspiel (für Erwachsene),DS,Hörkunstwerk für Erwachsene.
1D8ABA30AE20E29FC125720D003436BD,Hörspiel (für Jugendliche),DS,Hörkunstwerk für Jugendliche.
A620925BB8E0DA73C125747C0031B10C,Hörspielserie,ND,s. Seifenoper
2191B70D0C083D05C1257E6B003530A3,Illustrierte,ND,s. Presse
511B8194E55D524BC125747C0030FA6A,Impro-Comedy,ND,s. Comedy
777720F74B8D4084C1256F230035B94D,Improvisation,DS,Etwas aus dem Stegreif tun.
2F6F45490B18F1D6C1257826004778A3,Informationstechnische Bildung,ND,s. Medienpädagogik
32BBB3024819D958C1256F230035D6F5,Informationswesen,D,s.a. Massenmedien
6FC75B72A135F615C12578A30038E039,Inklusion (Pädagogik),ND,s. Pädagogik
AB6C8E3020408A4FC1256F230035D720,Internet,D,s.a. Massenmedien
F67F7B6889274F7BC1256F230035B988,Internet,DS,"Das Internet (von englisch interconnected network), kurz das Netz, ist ein weltweites Netzwerk, bestehend aus vielen Rechnernetzwerken, durch das Daten ausgetauscht werden. Es ermöglicht die Nutzung von Internetdiensten wie E-Mail, Telnet, Usenet, Dateiübertragung, WWW und in letzter Zeit zunehmend auch Telefonie, Radio und Fernsehen. Im Prinzip kann dabei jeder Rechner weltweit mit jedem anderen Rechner verbunden werden. Der Datenaustausch zwischen den einzelnen Internet-Rechnern erfolgt über die technisch normierten Internetprotokolle. Die Technik des Internets wird durch die RFCs der Internet Engineering Task Force (IETF) beschrieben. Umgangssprachlich wird ""Internet"" häufig synonym zum World Wide Web verwendet, da dieses einer der meistgenutzten Internetdienste ist und wesentlich zum Wachstum und der Popularität des Mediums beigetragen hat. Im Gegensatz dazu sind andere Mediendienste wie Telefonie, Fernsehen und Radio erst kürzlich über das Internet erreichbar geworden und haben parallel dazu ihre ursprüngliche Verbreitungstechnik. Das Internet hat durch seine neuartige Technik und Verwendung eine eigene Sprachlichkeit hervorgebracht."
A33C7E0FEC7353F3C12581A600595723,Internet-Troll,ND,s. Fake News
1C6F9F8E95E0019DC1257E9E002E8B07,Internetnutzung,ND,s. Medienkonsum
B44F3927FBB23CDBC1256F230035D75D,Journalismus,D,s.a. Presse
EF0D9071DBA7B70DC1256F230035BA14,Journalismus,DS,"Schriftstellerische Tätigkeit für Presse, Rundfunk, Fernsehen, Wochenschau, Dokumentarfilm oder politischer und wirtschaftlicher Werbung, auch der hierbei entwickelte Stil."
B8F1BDEA63EF2663C1256F230035BA15,Journalist,DS,Berufsbild
30969D04DE93373BC1257EB500582697,Jugendzeitschrift,ND,s. Presse
FDC0CD45B459B313C1256F230035BA30,Jugendzentrum,DS,"Ort, Einrichtung, in der Jugendliche ihre Freizeit verbringen können, wobei häufig sie selbst Aktivitäten planen und ausführen, häufig kirchliche Einrichtungen."
18A9BD8EA3DB1AA3C1256F230035F329,Jugoslawien (Bundesrepublik),DS,"Restjugoslawien, Staatengemeinschaft Serbien und Montenegro in Südosteuropa, bestand aus den Teilrepubliken Serbien und Montenegro; Hauptstadt: Belgrad. Von 1992 bis 2003 Bundesrepublik Jugoslawien, von 2003-06 Serbien und Montenegro."
9578964DD9EF230DC125725D0040774E,Kabel Eins,ND,s. Fernsehen
4A543503866CFD53C1256F230035D790,Kamera,D,s.a. Fotografieren
5D6360E0496DBE53C1256F230035BA59,Kamera,DS,"Gerät zur optischen Abbildung von Gegenständen auf strahlungsempfindlichen Schichten und zur Vorführung des Produktes. Handhabung des Gerätes und zur Geschichte. Z.B. Fotokamera, Videokamera, Filmkamera, Polaroidkamera, Filmprojektor."
C60D747940B93EBFC1256F230035BA5A,Kameraassistent,DS,Berufsbild
5B221C56926E3144C1257EC00054D5C1,Kameraführung,ND,s. Filmherstellung
432EBA1D8DEFB486C1257DE3005E95F0,Kameramann,DS,Berufsbild
CC1F27588F8AB3E1C12574C000520D37,"Kamerlingh-Onnes, Heike",DS,Niederländischer Physiker und Nobelpreisträger für Physik (1853-1926).
D09CE9BAA80AB933C125715A00314DC9,Kammerspiele,ND,s. Theater
0334328A1A657DCFC1257A94005FF5D9,Katalog,ND,s. Printmedium
13D6BA21C43B5701C125725D00408B84,KIKA,ND,s. Fernsehen
DB4D17E6A90376F2C1257EED005D0783,Kinderseiten im Internet,ND,s. Medienkonsum
186A54F6ECF4FC53C1256F230035D80A,Kino,D,s.a. Theater
2CC402AD7E73E5DFC1256F230035BB03,Kino,DS,"Das Kino – auch Lichtspieltheater, Lichtspielhaus oder Filmtheater genannt – ist ein Aufführungsbetrieb für alle Arten von Filmen. "
E2A82C8B791E347FC1257EF1005E5E13,Kinofilm,ND,s. Kino
B7454EE359E0E9A6C125747C0030A693,Kleinkunstprogramm,ND,s. Comedy
11A451D09274C3FDC1256F230035D856,Kommunikation,D,s.a. Massenmedien
8F26F66D917F2B3BC1257F34005C7376,Konsumgewohnheit,ND,s. Medienkonsum
14D1EEBB1A023DA3C1256F230035F55F,Kreisbildstelle,ND,s. Medienzentrum
01F79D732BDF6784C1256F230035D910,Kunst,D,s.a. Theater
916F00DD7A2F4CE7C1257F83003CB5A3,"Kutbay, Mel",ND,s. Filmherstellung
33333DBAFB43DFF0C1256F230035F62F,Landesbildstelle,ND,s. Medienzentrum
C99E6EA08489E3C2C1256F230035F639,Landesmedienzentrum,ND,s. Medienzentrum
CF1F4EAA9E286D81C1256F230035F76C,Lichtspielhaus,ND,s. Kino
E36021A7DB0222DAC12577FF00589F68,Lichtspieltheater,ND,s. Kino
14A93B570EFA4959C1256F230035F7AD,LMZ,ND,s. Medienzentrum
6B9D8D520C2E3413C1256F230035F7CB,Lokalzeitung,ND,s. Zeitung
9286525E0673069BC12581A60059331C,Lüge,D,s.a. Fake News
E61944953C24E3E0C12581A600594EE0,Lügenpresse,ND,s. Fake News
9C41EB4D12E01023C1257FEE005E2A3F,Magnetaufzeichnung,ND,s. Video
83B5733EC4697766C1256F230035DA17,Marionette,D,s.a. Theater
C20A9DE0A53AE5F9C1256F230035BE3C,Marionette,DS,Gliederpuppe für die kleine Bühne des Marionettentheaters. Die Marionette wird durch Fäden oder Drähte gelenkt.
AACA0D321EF11510C1258027005508C6,"Mason, Paul",ND,s. Pädagogik
38FBBB3B468FCADEC1256F230035F8C0,Massenkommunikation,ND,s. Massenmedien
37E368192BE4AB64C1256F230035F8C1,Massenkommunikationsmittel,ND,s. Massenmedien
238ACEEB19F9DC6DC1256F230035DA25,Massenmedien,D,s.a. Rundfunk
3BDC388829375FB1C1256F230035BE5F,Massenmedien,DS,"Technische Verbreitungsmittel, mit dem Informationen an ein großes Publikum gerichtet wird, z.B. Bücher, Presse, Film, Funk, Fernsehen, Tonband und Schallplatte."
751D25F25A833C9BC1256F230035DA24,Massenmedien,D,s.a. Fernsehen
A3E86BCC9CAC714EC1256F230035DA2B,Massenmedien,D,s.a. Medienerziehung
E2C9CB7C8FF289BCC1256F230035DA26,Massenmedien,D,s.a. Presse
BDAE234E5FA7AFC4C1258257005E385A,Massenmedien,D,s.a. Medienwirkung
BB512A6649E4D422C1256F230035F8C2,Massenmedium,ND,s. Massenmedien
441DBBEE990D0613C1256F230035BE60,Massenproduktion,DS,Herstellung großer Mengen technisch gleichartiger Güter; führt zu optimaler Kapazitätsauslastung bei sinkenden Stückkosten.
941E9CE9A0013657C125805D00620F61,MAZ,ND,s. Video
641D668A0B5BAB39C12571AE0034C030,Medien,ND,s. Massenmedien
F1434BCA4B2F5A4CC1256F230035F8F7,Medienarbeit (aktive),ND,s. Aktive Medienarbeit
1640A820E0920ACAC1257E60005A2080,Medienbildung,ND,s. Medienerziehung
D6FF92C0536D74D7C1257E60005A2821,Medienbildung,ND,s. Medienkonsum
5D30B19DA37B813DC1256F230035F8F8,Mediendidaktik,ND,s. Medienerziehung
993DD1767CF63C31C1257826004767B1,Mediendidaktik,ND,s. Medienpädagogik
EAC3D6516E763514C1256F230035F8F9,Medieneinsatz,ND,s. Aktive Medienarbeit
25856B10E4D0CC01C1256F230035BE8A,Medienerziehung,DS,"Medienerziehung bezeichnet das pädagogische Handeln, das zur richtigen - und damit ist gemeint kritisch-reflektiven - Nutzung der Medien anleiten soll."
41651C8FB88CAC8AC1256F230035DA49,Medienerziehung,D,s.a. Massenmedien
751D832930C30423C1256F230035DA48,Medienerziehung,D,s.a. Medienpädagogik
0B970E9E912F1232C1256F230035F8FA,Medienforschung,ND,s. Medienwirkung
73DB9CC1035F66F4C12579560055FD1C,Mediengestalter,DS,Berufsbild
3B270AC5B9D25FF5C1256F230035F8FC,Medienindustrie,ND,s. Filmherstellung
78C60299B60B63F6C1256F230035F8FB,Medienindustrie,ND,s. Massenmedien
BC37D07CA6FC0DFEC1256F230035F8FD,Medienkompetenz,ND,s. Kulturtechnik
0D450B72A201EA7AC1257E60005A458B,Medienkompetenz,ND,s. Medienerziehung
5E97A5177C8573BFC1257E60005A5186,Medienkompetenz,ND,s. Aktive Medienarbeit
654C5E43BAD783ABC1256F230035DA4A,Medienkonsum,D,s.a. Fernsehkonsum
8FC19B3799821B75C1256F230035BE8B,Medienkonsum,DS,"Die Nutzung von Medien allgemein. Die Nutzungsarten, Gewohnheiten und Wirkung."
006A2FC4C1295EE8C1256F230035DA4B,Medienkunde,D,s.a. Neue Medien
083AFCCC0BF028E0C1256F230035BE8C,Medienkunde,DS,Die Medienkunde behandelt die technische und organisatorische Erstellung von Nachrichten- bzw. Massenmedien sowie die Wirkung dieser Medien auf die Allgemeinheit oder auf spezielle Zielgruppen. Ein wesentlicher Bestandteil ist auch das Medienrecht.
F0FFBE2DC9EA89E5C1256F230035F8FE,Mediennutzung,ND,s. Medienkonsum
426735A024BA8454C1256F230035BE8D,Medienpädagoge,DS,Berufsbild
426D52AF49161B1DC1256F230035BE8E,Medienpädagogik,DS,"Medienpädagogik beschäftigt sich als wissenschaftliche Disziplin mit allen erzieherischen Fragen, Problemen und Themen, die mit Medien zusammenhängen."
C0789713A359CF7EC1257826004752F4,Medienpädagogik,D,s.a. Medienerziehung
FEA32D9A054B2D88C12581A600580883,Medienpädagogik,D,s.a. Filmbildung
5BBAA19C8889C40DC12578260046FB08,Medienrecht,ND,s. Medienkunde
C2E65C9BD50EEBEDC12575680051146F,Medienwirkung,D,s.a. Computerspiel (Pädagogik)
D441CC12A3E922F4C1256F230035DA4C,Medienwirkung,D,s.a. Fernsehkonsum
DAB9A2B7800841EDC1256F230035BE91,Medienwirkung,DS,Erforschung der Bedeutung von Medien oder Mediensystemen im Alltagsleben der Menschen. Wichtig auch die Frage welche Medien eine Botschaft mit welcher Intensität und welchen Effekten an ein bestimmtes Publikum bringen.
06B5EF524ED7F619C1257829005B0FEB,Medienwirkungsforschung,ND,s. Medienwirkung
1621728CFEC13A56C125756800507DF0,Medienzentrum,D,s.a. Medienkunde
4358A706FC7018F8C1257568005065DC,Medienzentrum,D,s.a. Aktive Medienarbeit
C19C065E0A3EBE73C1256F230035B0AE,Medienzentrum,DS,"Die Aufgaben und Verpflichtungen der Landes-, Stadt-, Kreismedienzentren und  Bildstellen "
CE62BDDA38C31E2DC125756800508842,Medienzentrum,D,s.a. Video
D141D0B060F69F98C125756800507367,Medienzentrum,D,s.a. Medienerziehung
E7882769A9223CD5C125756800506E10,Medienzentrum,D,s.a. Kinderkino
701310BD3F373099C1256F230035F904,Medium,ND,s. Massenmedien
20674709030F6737C125808F0060EB88,Mitteilung,ND,s. Nachricht
9AC30A77739217C4C125747C0030C1D8,Mixed-Shows,ND,s. Comedy
3083FDE6C779C0EEC125830E005A417D,Montage (Kunst),ND,s. Filmherstellung
C0182891CBA362FAC125830E005A34EC,Montage (Kunst),ND,s. Fotomontage
2895C0BC88692BE3C1256F230035DAEA,Montage (Medien),D,s.a. Filmmontage
47BA9F959408A8D3C1256F230035BF60,Montage (Medien),DS,Bei audiovisuellen Medien ein Gestaltungsmittel: Aufnahmen werden unter publizistischen oder künstlerischen Gesichtspunkten zusammengefügt (montiert).
FEF544B4CACA8FD5C1256F230035FA95,Musikclip,ND,s. Videoproduktion
D598D79F07C9C134C12581A10056C2E1,Musikclip,ND,s. Video
F8BCA4574D687399C12583DB003900D7,Musikvideo,ND,s. Videoclip
4F5FD9C9E48BA8BFC1256F230035DB44,Nachricht,D,s.a. Fernsehübertragung
5EE0A3C38ADCA4C3C1256F230035DB45,Nachricht,D,s.a. Presse
84248295209190ACC1256F230035BFEC,Nachricht,DS,"Sachbericht in Kurzform. Aber auch alle Zusammenhänge bzw. Dienste, die die Nachrichten sammeln, bearbeiten, weitergeben und verbreiten (Nachrichtenwesen)."
F812DCE393CD52B2C12581A600593AE4,Nachricht,D,s.a. Fake News
4D664D5A56F8448EC12571EF0033F5FC,Nachrichtenagentur,ND,s. Nachricht
02FCACD855923D60C1256F230035FACF,Nachrichtensendung,ND,s. Nachricht
9B22A9CE561C8E77C1256F230035FAD3,Nachrichtenwesen,ND,s. Nachricht
BE97702FE21B905CC1256F230035BFEE,Nachschlagewerk,DS,"Ein meist alphabetisch geordnetes Sachwörterbuch, das schnellen Zugang zu Wissen liefert. Auch Lexikon. In schriftlicher oder auch digitaler Form."
F9747B65A7E0AD60C12580F8005EF0C5,NDR,ND,s. Fernsehen
DB0F6E868476BACAC1258110005890E0,"Nischwitz, Theo",ND,s. Filmgeschichte
ABEEC3BD66CC37E6C1257E90005442C8,Nisthilfe,DS,"Als Nisthilfe bezeichnet man künstlich geschaffene Einrichtungen, die die Nistmöglichkeiten bestimmter wildlebender Tierarten nachahmen sollen. Ziel ist es, durch Anbringen der Nisthilfen in der Natur die Bestände der Tierarten zu stützen und zu fördern, die aufgrund spezieller Anforderungen an den Nistplatz in einer veränderten, strukturärmeren Landschaft zurückgegangen sind. Zudem ist in der Forstwirtschaft und im Obstanbau die Ansiedlung von insektenvertilgenden höhlen- und nischenbrütenden Singvögeln mit Nisthilfen eine Maßnahme, um der Überhandnahme von Schädlingsraupen entgegenzuwirken und so den ökologisch problematischen Einsatz von Insektiziden zu vermeiden."
09BE3D807DC7CB8AC1256F230035DC27,Objektiv (Optik),D,s.a. Fotografieren
3C756D85AF78F9FEC1256F230035C0B8,Objektiv (Optik),DS,"Optik: die dem Gegenstand zugewandte Linse. Ggs.: die dem Beschauer zugewandte Linse, das Okular."
5A3111DC0B11C07CC125843A005A454D,Objektiv (Optik),D,s.a. Weitwinkelobjektiv
8B73F1A4A9F126DCC1258141005C185E,ORF Universum,ND,s. Fernsehserie
49186DE68D023C01C1256F230035C0FD,"Orff, Carl",DS,"Deutscher Komponist (1895-1982); Opern, szenarische Oratorien; Orffschulwerk, eine heute weltweit verbreitete, elementare Musiklehre."
075FD86E7C4CB8ECC1256F230035C0FE,Organ,DS,"OB Bei Vielzellern, die durch ihre spezifische Funktion und entsprechende Morphologie und zellige Feinstruktur charakterisierten und abgrenzbaren Körperteile wie Muskeln, Lunge, Auge u.a."
8073E84F43DD52A1C1256F230035FCBE,Pädagogische Forschung,ND,s. Pädagogik
F51D98D459CC5FB4C1256F230035FD2A,Periodikum,ND,s. Presse
E41FD5985A2255CDC1256F230035FD2B,Periodische Schrift,ND,s. Presse
E5C623B0FC643DE1C1256F230035FDA7,Phasentrick,ND,s. Trickfilmherstellung
0F509263EB07C44AC1258221005FB881,Phasenübergang,DS,"Ein Phasenübergang bzw. eine Phasenumwandlung oder Phasentransformation ist in der Thermodynamik die Umwandlung einer oder mehrerer Phasen eines Stoffes in andere Phasen. Eine grafische Darstellung der Stabilitätsbereiche der Phasen in Abhängigkeit von den Zustandsvariablen wie Druck, Temperatur, chemischer Zusammensetzung und magnetischer Feldstärke liefern Phasendiagramme. In diesen Diagrammen sind die Stabilitätsbereiche durch Phasengrenzlinien begrenzt, an denen die Phasenübergänge ablaufen."
F873CD7F6455E821C1256F230035FDB5,Photographieren,ND,s. Fotografieren
9410709DFD0EF359C1256F230035FDBA,Photomontage,ND,s. Fotomontage
7DE3DC10312158CFC125823D005FA8A0,Photon,DS,"Das Photon ist das Wechselwirkungsteilchen der elektromagnetischen Wechselwirkung. Anschaulich gesprochen sind Photonen das, woraus elektromagnetische Strahlung besteht. Daher wird gelegentlich auch die Bezeichnung Lichtquant oder Lichtteilchen verwendet. In der Quantenelektrodynamik gehört das Photon als Vermittler der elektromagnetischen Wechselwirkung zu den Eichbosonen. Ein Photon hat keine Masse, aber eine Energie, die von seiner Frequenz abhängt: je höher die Frequenz, desto höher die Energie."
10CCF8D770C2363FC12581800057BD33,Pinnacle Studio,ND,s. Videoproduktion
A6115BCFB77AC6C0C12581800057B6AE,Pinnacle Studio,ND,s. Filmherstellung
DE5828B624A25138C125818000580503,"Pinschewer, Julius",ND,s. Filmgeschichte
EC9F433CF8F7BE0CC1256F230035C1E6,Pinselmacher,DS,Berufsbild
C029E6DAE83C2E80C1256F230035FE01,Playback,ND,s. Play-back
2EEE465499989D10C12581AA0059D7F6,"Postman, Neil",ND,s. Medienpädagogik
063C076D81BE8CA4C1256F230035DD3D,Presse,D,s.a. Zeitung
37D620D0D51D90D6C1256F230035DD3E,Presse,D,s.a. Massenmedien
A3A39F0D9D4219CFC1256F230035DD3F,Presse,D,s.a. Boulevardpresse
E9992D7A6D64ED0EC1256F230035DD3B,Presse,D,s.a. Nachricht
1E2C8E9C4E7BFE73C1257A94005FA5FE,Presse,D,s.a. Printmedium
8D46185C1B4E66B8C12581BC0056C61B,Presse,D,s.a. Pressekodex
F733DAC0C2D79D71C1256F230035FE86,Presseagentur,ND,s. Nachricht
3C5C706DA8764070C1256F230035C249,Pressefreiheit,DS,Recht auf freie Meinungsäußerung durch die Presse; umfasst das Recht ungehindert Nachrichten und Informationen einzuholen und ohne Zensur darüber zu berichten sowie Kritik zu üben.
08038C28A8794035C12581BC005777B9,Pressekodex,D,s.a. Fake News
A84868B2FE57689EC12581BC0056973B,Pressekodex,DS,"Der Pressekodex (eigentlich: Publizistische Grundsätze) ist eine Sammlung journalistisch-ethischer Grundregeln, die der Deutsche Presserat 1973 vorgelegt hat. Verleger und Journalisten haben den darin formulierten publizistischen Grundsätzen durch ihre Verbände zugestimmt. Der Pressekodex hat somit den Charakter einer freiwilligen Selbstverpflichtung. Der Text orientiert sich an der Spruchpraxis des Presserats als wichtiges Kontrollorgan der Medien in Deutschland und am Ehrenkodex der internationalen Journalistenföderation. Seit 1973 wurde der Pressekodex mehrfach ergänzt. Konkretisiert wird er durch die ""Richtlinien für die publizistische Arbeit nach den Empfehlungen des Deutschen Presserates"". Zuletzt wurde am 22. März 2017 die Richtlinie 12.1 (Berichterstattung über Straftaten) angepasst. Der Kodex findet seit dem 1. Januar 2009 auch Verwendung für journalistische Beiträge in Onlinemedien."
0EC2A1E94F910D70C1257A94005F9FBC,Printmedium,D,s.a. Presse
5FF9614255D624B1C1257A94005FCEB5,Printmedium,D,s.a. Zeitung
E8F46D2D85F356BAC1256F230035FE9D,Privatfernsehen,ND,s. Fernsehen
910AC7ACBA5EAC1CC125725D00404B5D,Privatfernsehsender,ND,s. Fernsehen
9481EF04DC2C0C83C12583310057CC51,Produzent (Film),ND,s. Filmherstellung
B37F2694418AE18AC125725D00406EC6,ProSieben,ND,s. Fernsehen
8B7B767064CEF979C125722600420D50,Publizistik,ND,s. Massenmedien
A6C2FF455B45D050C1256F230035C278,"Puccini, Giacomo",DS,Italienischer Opernkomponist (1858-1924).
F6706B6362D86ADEC12581D2005FBF51,Quelle (Nachrichtendienst),ND,s. Nachricht
B5247058AF7A058FC1256F230035FF32,Radio,ND,s. Rundfunk
3E3333C418A39E8DC1256F230035C29C,Radio- und Fernsehtechniker,DS,Berufsbild
468B564E4C85F4C7C125747C0030E7DA,Radio-Comedy,ND,s. Comedy
2A3C6F9E57B83870C125722C003F90D5,Reality-TV,ND,s. Fernsehen
48D1745DE3F52F13C125722C003F9EF9,Reality-TV,ND,s. Fernsehfilm
14ADED9578B0F5BAC1256F230035C2D3,Realschule,DS,"Schulen der Sekundarstufe I, die mit der 10. Klasse abschließen und eine über die Hauptschule hinausgehende Bildung vermitteln."
4BFEBAE217C85926C125723400390986,Recorder (Video),ND,s. Video
241F7B4F1BFA9B5EC1258203005D566C,Redaktion,ND,s. Presse
406B9B8629860C41C1258203005D51CC,Redaktion,ND,s. Fernsehen
7935A7A1A975E5D1C1258203005D4111,Redaktion,ND,s. Massenmedien
9842DEC0D70B8F54C1258203005D494D,Redaktion,ND,s. Rundfunk
A1FC826909D40168C12572330040C5D2,Regenbogenpresse,ND,s. Presse
7639C771FF0E22C7C1256F230035DDC5,Regie,D,s.a. Theater
7ECCF15A41736229C1256F230035FFAF,Regionalzeitung,ND,s. Zeitung
0668A495620B84BDC12572340038FDE5,Rekorder (Video),ND,s. Video
F75FC51402C05718C125723A003EC9DE,Rezipient,ND,s. Medienkonsum
1D4441D47146C479C125725D004081B0,RTL,ND,s. Fernsehen
E3B3070BAE56B1E2C1256F230035C3EE,Ruanda,DS,"Republik in Ostzentralafrika; Hauptstadt: Kigali; Amtssprachen: Kinyaruanda, Französisch."
E5E8B9CEE0A979A6C1256F230035C3EF,"Rubens, Peter Paul",DS,Flämischer Maler (1577-1640).
08499537DC822658C1256F230035DE77,Rundfunk,D,s.a. Massenmedien
18537E9DA2D88A96C1256F230035C400,Rundfunk,DS,"Verbreitung von Darbietungen in Ton (Hörfunk, Hörrundfunk, Tonrundfunk, Radio) oder Bild (Fernsehrundfunk, Television, Fernsehen) durch elektromagnetische Wellen; eines der wichtigsten Mittel der Gegenwart für Unterhaltung."
4B626E1C08BA02B4C1256F230035DE76,Rundfunk,D,s.a. Fernsehen
D9BEDEAC807CC4D1C1256F23003600D5,Rundfunkanstalt,ND,s. Rundfunk
1000D367901E27D5C1256F230036011A,Samplen,ND,s. Tonstudio
DC07A40F48AAFE63C125725D0041790D,Satellitenrundfunk,ND,s. Rundfunk
D4AD3B0D856EE897C125725D004063C5,Sat.1,ND,s. Fernsehen
1D0DE34A38D0F188C12572640036C771,Schärfentiefe,ND,s. Fotografieren
9BD4768C9A6C94F0C1256F230035C47B,"Schäuble, Wolfgang",DS,Deutscher Politiker (CDU); geb. 1942.
93C454271D8A0AD9C1256F230035C47C,"Schäufelein, Hans",DS,"Auch Schäuffelin oder Schauffele, deutscher Maler und Holzschnittzeichner (um 1480/85-1538/40)."
95529F2E05653CE2C1256F230035DEDC,Schauspiel,D,s.a. Theater
960E3AAD0CC11347C1256F230035C47E,Schauspiel,DS,"Dichtungsgattung, die Begebenheiten als gegenwärtige, vor den Augen des Zuschauers sich abspielende Handlungen darstellt und bei ernster Grundstimmung zu einer positiven Auflösung des Konflikts führt."
4BF30BFC564B2D1CC1256F230035C47F,Schauspieler,DS,Berufsbild
4EF3A35386E07944C1256F230035DEDD,Schauspieler,D,s.a. Theater
EA777ECAF520035EC1256F2300360182,Schauspielkunst,ND,s. Theater
37A6030D146987CFC1256F230035C480,Schauwerbegestalter,DS,Berufsbild
7D198A64E2111584C1258278005BDC19,Scheinwerfer,ND,s. Beleuchtung (Film/Theater)
1E5942CECEA60CB5C1256F23003601E1,Schnitt (Film),ND,s. Filmmontage
69B509A3E5BF318EC125828A0058F44F,Schnittcomputer,ND,s. Filmherstellung
C82BACF9D7D5250FC125828A0058EB8D,Schnittcomputer,ND,s. Videoproduktion
4EA3B37ACF3ABF0FC125828B0031F6FF,Schnittsoftware,ND,s. Filmherstellung
7FA99DF635CCB431C125828B003255D7,Schnittsoftware,ND,s. Montage (Medien)
A11DE77411DA0947C125828B0031F002,Schnittsoftware,ND,s. Videoproduktion
3FF5D4526B95AED3C1256F23003601E3,Schnitttechnik,ND,s. Montage (Medien)
AB3C3E00FEAEB940C1256F2300360212,Schülerfilm,ND,s. Aktive Medienarbeit
F2FD20511647EB49C1256F2300360214,Schülertheater,ND,s. Aktive Medienarbeit
AEA51E17C8060442C1256F2300360216,Schülervideozeitung,ND,s. Aktive Medienarbeit
1C5EA605F3D1514DC1256F2300360217,Schülerzeitung,ND,s. Aktive Medienarbeit
94D4A17E147D3A27C1256F230035C509,Schülerzentrierter Unterricht,DS,"Unterricht, in dem stärker der Schüler dominiert."
C9A22081DD840280C1256F230036022F,Schultheater,ND,s. Aktive Medienarbeit
7B71902B7AC86F1FC1256F2300360234,Schulzeitung,ND,s. Aktive Medienarbeit
6AAD41A0699B9A93C1256F2300360261,Schwarzweißfernsehen,ND,s. Fernsehen
90B8E811BC329743C1256F2300360262,Schwarzweißfotografie,ND,s. Fotografieren
02370CC89BABEC97C12572E30027E175,Sensationspresse,ND,s. Boulevardpresse
18D16F01EB4D1BE3C125747C00315C80,Soap-Opera,ND,s. Seifenoper
E2A96250C2ED1210C125747C0031EAC2,Soap Opera,ND,s. Seifenoper
74FB60D845D2F8E3C1256F2300360386,Soapopera,ND,s. Seifenoper
F6C1ECBCBB0FA5CDC12572B1002EBD31,Sozialpädagogik,ND,s. Pädagogik
B3701485F027FFDCC1256F2300360413,Spiel (Theater),ND,s. Theater
B0FE650C75AC11D1C1258301005907EF,Springer-Presse,ND,s. Presse
36FE0C1B611225BEC1256F230035C661,"Springer, Axel Caesar",DS,Deutscher Verleger (1912-85); baute einen der größten Zeitungsverlage in der BRD auf.
F9A0AF0421ED3067C1256F23003604BE,Stadtbildstelle,ND,s. Medienzentrum
65AC0D1C2B3741C1C1256F23003604D4,Stadtteilzeitung,ND,s. Zeitung
D7B9FF084693E4ABC125747C0030816D,Stand-up-Comedy,ND,s. Comedy
136B9BAAEA816F0AC12572800037B307,Storyboard,ND,s. Filmherstellung
9006CA1FAD20BF1FC1256F2300360581,Storyboard,ND,s. Trickfilmherstellung
3A278A33E80A2603C1256F23003605A1,Straßenverkaufspresse,ND,s. Boulevardpresse
77484B6DAF9FF0D2C1256F23003605DF,Studioarbeit,ND,s. Fernsehproduktion
8330DE51FEDBB054C1258340005F5974,Stuttgarter Staatstheater,ND,s. Theater
0BE2946E629AC419C125725D00409671,Super RTL,ND,s. Fernsehen
212073D1957B9986C1256F2300360649,Synchronisation (Film),ND,s. Play-back
8AA81291AC9B5306C1256F2300360663,Tagesschau,ND,s. Nachricht
EA8060BBF3934400C1256F2300360665,Tageszeitung,ND,s. Zeitung
E5C9E0FD409D927DC12583DF005E5449,Talentschau,ND,s. Castingshow
4E542757B6753BA5C1256F230035E0D1,Tanz,D,s.a. Theater
3E20B0D512CBC29DC125747C0031BF8D,Telenovela,ND,s. Seifenoper
767BAA3C021296C9C1256F23003606F6,Teleobjektiv,ND,s. Fotografieren
6E7D392E41320E86C125835C005FF79D,Teleprompter,ND,s. Fernsehproduktion
8030F748616E96E0C1256F230035C796,Teleskop,DS,"Optisches Gerät. Durch eine Sammellinse wird ein wirkliches Bild des entfernten Gegenstandes entworfen, das dann durch eine zweite Linse betrachtet wird."
F4C7B45FC1160584C1256FB0003A12FA,Television,ND,s. Fernsehen
C5FD813821B54ED3C1256F230035E12F,Theater,D,s.a. Kino
1F6952D3CA113DD6C1256F2300360726,Theaterdarstellung,ND,s. Theater
55FF2AB833063CCEC12572640036D272,Tiefenschärfe,ND,s. Fotografieren
933D749B5CBA58D9C12581DC00563816,Ton (Film),ND,s. Filmherstellung
95A5306E09DACCC4C12583D8005C0389,Ton (Film),ND,s. Vertonung
01887481FFAEA3B8C1256F2300360797,Tonfilm,ND,s. Filmgeschichte
7832AEC060881FA8C1256F230036079B,Tonmischung,ND,s. Tonstudio
CF49FC20514C20A9C1258376005F17E8,Tonschnitt,ND,s. Tonstudio
07C62A42F7C2813DC1256F230035E174,Tonstudio,D,s.a. Play-back
AF2304FB60BFE156C1256F230035C82B,Tonstudio,DS,"Aufnahme von Tönen (Musik, Sprache etc.) in einem Studio und die nötige Technik."
08D374F648995D50C1256F230036079F,Tontechnik,ND,s. Tonstudio
0309363611BA0502C125747C0030F11E,Trick-Comedy,ND,s. Comedy
BC496615C4083FE4C1256F23003607DD,Trick (Filmproduktion),ND,s. Filmherstellung
EEE11BC31C4A5BCFC1256F23003607DC,Trick (Filmproduktion),ND,s. Fernsehproduktion
A943D9A435592D89C1256F230035E192,Trickfilm (allgemein),D,s.a. Trickfilmherstellung
1146D7337BCE008FC1256F23003607DE,Trickfilmstudio,ND,s. Trickfilmherstellung
34A87464A2AE84F3C1256F23003607DF,Tricktechnik,ND,s. Trickfilmherstellung
851EE71440FD6F9BC1256FB0003A18F1,TV,ND,s. Fernsehen
AF141D0A00EF7A86C125747C0030DEFC,TV-Panel-Shows,ND,s. Comedy
345AB0C919CBF159C1258390006245E3,TV-Serie,ND,s. Fernsehserie
F3FCE64FB223D6F5C125747C0030CB68,TV-Sitcoms,ND,s. Comedy
94F16820950081CBC125747C0030D367,TV-Sketchshows,ND,s. Comedy
2C122BC3BF5B3E5CC1256F230035C89B,"Twain, Mark",DS,"Eigentlich Samuel Langhorne Clemens, amerikanischer Erzähler (1835-1910)."
8F4CF0BDC4007763C125747C0030B3D0,Unterhaltungssendung,D,s.a. Comedy
DE194BC7804BE1EEC1256F230035C8E3,Unterhaltungssendung,DS,"Fernsehsendung, die der Unterhaltung dient (z.B. Show)."
7E45E940FFA5A8B3C12572D0002AF78F,Unterrichtslehre,ND,s. Pädagogik
91CC5176D8C524E8C1256F23003608B7,Unterrichtslehre,ND,s. Pädagogik
3A8E73FDC18A0B0BC1257AFA0053530B,Unterrichtsmaterial,DS,Das gesamte für den Unterricht eingesetzte Material.
5388743C641F62F1C1256F2300360925,Vergleichende Erziehungswissenschaft,ND,s. Pädagogik
B22713326FD84055C12583D8005BEEFB,Vertonung,D,s.a. Play-back
C6B762335EDF0F60C12572D40044ED67,VHS,ND,s. Video
0CBD09E9DB283E65C1256F230035E2FC,Video,D,s.a. Videoproduktion
EFB2C097EB8CC1E3C12583DB0038F879,Video,D,s.a. Videoclip
D7AE77D5924F1516C12583DB00390EF0,Video-Clip,ND,s. Videoclip
9F0CCD2AFC3824A2C1256F2300360984,Videoarbeit (aktive),ND,s. Aktive Medienarbeit
B8D5C21FB1F07DF1C1256F2300360985,Videoclip,D,s.a. Videoproduktion
3E078099A3E8E8D1C12581A10056CA23,Videoclip,DS,"Videoclips sind bis zu einigen Minuten lange Videos. Der Begriffsteil clip deutet hier auf einen Ausschnitt aus einem größeren Film; heute sind es jedoch oft eigenständige Werke. Der Begriff wird im Wesentlichen mit breitem Bedeutungsumfang zur Beschreibung kurzer Videos verwendet. Lange Zeit waren Musikvideos die gängigste Form von Videoclips, in vielen Kulturen werden die Begriffe synonym verwendet."
D4A5B32A91914A55C1256F2300360989,Videokonsum,ND,s. Fernsehkonsum
F195048E8EFE822AC1256F230036098A,Videokunst,DS,"Videokunst entstand in den 1960er Jahren in Deutschland und Amerika. Der Begriff bezieht sich darauf, dass die Künstler mit Videotechnik arbeiten, also Videos im Rahmen einer Videoinstallation oder in Form einer Videoskulptur präsentieren. Dabei wird entweder die Technik selbst thematisiert und die Möglichkeiten des Mediums ausgelotet, oder der Bildschirm wird als neue Leinwand betrachtet, ... Videokunst kann in Form einer raumgebundenen Videoinstallation auftreten, das Video kann Teil einer Rauminstallation sein, oder nicht raumgebunden, auf Unterhaltungsgeräten konsumierbar wie andere Medien."
BA6ACFD2309C8317C1256F230035C9B8,Videolaborant,DS,Berufsbild
7274CA23F0691DEFC1256F230035E2FE,Videoproduktion,D,s.a. Aktive Medienarbeit
4A787B516DFE954FC1256F23003609DA,Visuelle Medien,ND,s. Medienpädagogik
344F4C8829A9741EC1256F2300360A17,Vorstellung (Theater),ND,s. Theater
3CAD17CEED0786A4C125725D0040C660,VOX,ND,s. Fernsehen
1A3262694D77D4DEC125747C0031CA93,Weekly Drama,ND,s. Seifenoper
9B4510150A043B64C1256F230035CAA7,"Weerth, Georg",DS,"Deutscher Schriftsteller, Satiriker, Journalist und Kaufmann (1822-56); schrieb zeitkritische Gedichte und Skizzen."
8AB2A92E600A861BC12572DB002762B5,Weichzeichner,ND,s. Fotografieren
678876F88FE23EC8C1256F2300360AF7,Weitwinkelobjektiv,D,s.a. Fotografieren
9C5A39379E50591AC1256F230035E3D9,Werbung,D,s.a. Massenmedien
1C498755102413ADC12572330040D827,Wochenzeitschrift,ND,s. Presse
50F4105CC396C0E6C1256F2300360BED,Wochenzeitung,ND,s. Zeitung
CCE1E2C1764469D0C1256F230035CB92,"Wöhler, Friedrich",DS,"Deutscher Chemiker (1800-82); entdeckte Aluminium, Yttrium; stellte den Harnstoff als erste organische Verbindung synthetisch her."
6015AA9E87147804C12584790056FCE9,Wölbspiegel,DS,"Konvexe Spiegel (oder Wölbspiegel, Zerstreuungsspiegel) bilden verkleinernd ab, vergrößern also den Blickwinkel (Weitwinkeleffekt)."
96157064C28F6A7FC12572E30027DB38,Yellow Press,ND,s. Boulevardpresse
FD7E2D55E8E2FE7BC12572E30027D206,Yellowpress,ND,s. Boulevardpresse
009594DE1AD8492AC125725D00405AF6,ZDF,ND,s. Fernsehen
93B930C44E78B31EC1256F2300360CA8,Zeitlupe,ND,s. Filmgestaltung
A52008FF05F376FDC12579420053EE50,Zeitmanagement,DS,"Unter Zeitmanagement versteht man mehrere Vorgehensweisen, die dabei helfen sollen, anstehende Aufgaben und Termine innerhalb des zur Verfügung stehenden Zeitraums abzuarbeiten. Es wird zwischen persönlichem Zeitmanagement und Zeitwirtschaft unterschieden."
1ACA407F2AB4FB5CC1256F2300360CAC,Zeitraffer,ND,s. Filmgestaltung
E3478218E7E52E24C1256F2300360CAD,Zeitschrift,ND,s. Presse
62F26BA72E9948D9C1257A94005FBD2E,Zeitschrift,ND,s. Printmedium
7043CDE70FECB610C1256F230035E4B9,Zeitung,D,s.a. Presse
D99E68A363900B87C1256F230035CC08,Zeitung,DS,"Regelmäßig, meist täglich, erscheinende Druckschrift mit Nachrichten und Meinungen, Unterhaltungs- und Anzeigenteil (Tageszeitung). Auch zum Druck, Entstehung und Herstellung von Zeitungen."
CBD02623F5FBB37FC1257A94005FC5DF,Zeitung,D,s.a. Printmedium
FC3A90A30C70813AC1256F2300360CAE,Zeitungsdruck,ND,s. Zeitung
238A914B3CE97061C1256F2300360CAF,Zeitungsentstehung,ND,s. Zeitung
9297298BC4324EF6C1256F2300360CB0,Zeitungsherstellung,ND,s. Zeitung
7B5438DFED6D53F0C1256F230035E4E6,Zirkus,D,s.a. Theater
E5FECF6DBBCD894BC1256F2300360CE9,Zivilisationstechnik,ND,s. Kulturtechnik
C63C88039060C3B9C1256F230035CC44,Zivilrecht,DS,"Das bürgerliche Recht, Privatrecht; Ordnung der Rechtsbeziehungen des einzelnen im Verhältnis zu seinen Mitmenschen; z.B. Familien-, Vermögens-, Handelsrecht."
7A060C834AB84F3CC12572E5003CDED9,Zoomen,ND,s. Fotografieren
53CFDCCAB76D3BF3C12572F7003883BD,Zweites Deutsches Fernsehen,ND,s. Fernsehen
